Product_Card_Id,Unit_price,ABC_Class,Holding_Cost_Percent,Holding_Cost,Annual_Demand,EOQ
19,124.9899979,C,0.1,12.498999790000001,8.0,8.000320086409346
24,79.98999786,C,0.1,7.998999786000001,39.333333333333336,22.174944100011263
35,159.9900055,C,0.1,15.99900055,9.333333333333334,7.637864713981687
37,34.99000168,C,0.1,3.4990001680000002,121.0,58.80587324837191
44,59.99000168,C,0.1,5.999000168,131.0,46.7300462414362
58,299.9899902,C,0.1,29.998999020000003,3.6666666666666665,3.4960878196201275
60,999.9899902000001,C,0.1,99.99899902000001,1.0,1.0000050049375737
61,299.9899902,C,0.1,29.998999020000003,3.3333333333333335,3.3333889447249843
78,99.98999786,C,0.1,9.998999786,22.666666666666668,15.056206044414502
93,24.98999977,C,0.1,2.4989999770000004,123.33333333333333,70.25174376297613
116,44.99000168,C,0.1,4.499000168,137.0,55.18261523633042
127,329.9899902,C,0.1,32.99899902000001,2.3333333333333335,2.6591204468850305
134,25.0,C,0.1,2.5,124.66666666666667,70.61633427661526
135,22.0,C,0.1,2.2,119.66666666666667,73.75224701250762
172,30.0,C,0.1,3.0,131.66666666666666,66.24868971450597
191,99.98999786,A,0.25,24.997499465,5425.0,147.31656621539412
203,399.9899902,C,0.1,39.99899902000001,6.0,3.87303180685282
208,1999.9899899999998,C,0.1,199.998999,3.6666666666666665,1.3540097891863971
216,189.0,C,0.1,18.900000000000002,9.0,6.900655593423542
226,599.9899902,C,0.1,59.99899902,2.0,1.8257570879668221
235,34.99000168,C,0.1,3.4990001680000002,120.66666666666667,58.7248175609858
249,54.97000122,C,0.1,5.497000122,114.0,45.539635727883855
251,89.98999786,C,0.1,8.998999786,30.333333333333332,18.359588714726
258,94.98999786,C,0.1,9.498999786,30.666666666666668,17.967776937626052
273,27.98999977,C,0.1,2.7989999770000002,105.66666666666667,61.44231298927233
276,31.989999770000004,C,0.1,3.1989999770000006,128.0,63.25543786517555
278,44.99000168,C,0.1,4.499000168,116.33333333333333,50.85036579924719
282,31.98999977,C,0.1,3.198999977,126.66666666666667,62.925120005011806
295,99.94999695,C,0.1,9.994999695,22.0,14.836106690915544
303,399.9899902,C,0.1,39.99899902000001,6.666666666666667,4.082533986644082
305,199.0,C,0.1,19.900000000000002,10.0,7.088812050083359
306,89.98999786,C,0.1,8.998999786,28.666666666666668,17.848078915478016
311,109.9499969,C,0.1,10.99499969,9.333333333333334,9.213418055944738
359,99.98999786,C,0.1,9.998999786,26.0,16.125321955402104
364,299.9899902,C,0.1,29.998999020000003,5.333333333333333,4.216440557022426
365,59.99000168,A,0.25,14.99750042,10721.666666666666,267.37556119533537
403,129.9900055,B,0.15,19.498500824999997,3279.6666666666665,129.69231496417027
502,50.0,A,0.25,12.5,9246.666666666666,271.98039145007004
564,30.0,C,0.1,3.0,143.66666666666666,69.20179830675565
565,70.0,C,0.1,7.0,131.0,43.26001122779063
567,25.0,C,0.1,2.5,108.33333333333333,65.82805886043833
572,39.99000168,C,0.1,3.9990001680000002,122.66666666666667,55.38441474082316
607,249.9900055,C,0.1,24.99900055,10.0,6.324681745663743
625,199.9900055,C,0.1,19.99900055,6.333333333333333,5.627454949464298
627,39.99000168,B,0.15,5.9985002519999995,4600.0,276.9220737041158
642,30.0,C,0.1,3.0,139.0,68.06859285554046
646,99.98999786,C,0.1,9.998999786,22.333333333333332,14.945088614006702
647,134.9900055,C,0.1,13.49900055,10.0,8.606948264670617
652,129.9900055,C,0.1,12.99900055,9.0,8.320822805155307
666,109.9899979,C,0.1,10.998999790000001,12.333333333333334,10.589211869930107
671,209.9900055,C,0.1,20.99900055,6.666666666666667,5.634495780661852
677,99.98999786,C,0.1,9.998999786,32.666666666666664,18.074826239618233
691,79.98999786,C,0.1,7.998999786000001,21.333333333333332,16.33095255342764
703,19.98999977,C,0.1,1.9989999770000002,141.33333333333334,84.0844923211078
705,119.9899979,C,0.1,11.998999790000001,9.666666666666666,8.975648750253987
715,129.9900055,C,0.1,12.99900055,9.666666666666666,8.623496481918814
724,100.0,C,0.1,10.0,35.0,18.708286933869708
725,108.0,C,0.1,10.8,12.0,10.540925533894598
728,65.0,C,0.1,6.5,142.66666666666666,46.849458853564094
730,80.0,C,0.1,8.0,29.0,19.03943276465977
743,169.9900055,C,0.1,16.99900055,8.666666666666666,7.140265368339868
768,299.9899902,C,0.1,29.998999020000003,5.333333333333333,4.216440557022426
771,39.99000168,C,0.1,3.9990001680000002,113.66666666666667,53.31394884617177
773,249.9900055,C,0.1,24.99900055,6.666666666666667,5.164081020790448
775,9.989999771,C,0.1,0.9989999771000001,113.66666666666667,106.66791913314937
777,79.98999786,C,0.1,7.998999786000001,25.0,17.67877472408335
778,24.98999977,C,0.1,2.4989999770000004,120.0,69.29589318641237
786,179.9900055,C,0.1,17.99900055,10.0,7.453766863074434
792,14.98999977,C,0.1,1.4989999770000002,138.0,95.94861940749806
793,14.98999977,C,0.1,1.4989999770000002,131.0,93.4834721954435
797,17.98999977,C,0.1,1.7989999770000002,137.33333333333334,87.37202507947408
804,19.98999977,C,0.1,1.9989999770000002,140.0,83.68692748246885
810,19.989999770000004,C,0.1,1.9989999770000004,109.33333333333333,73.95540163017115
818,47.99000168,C,0.1,4.799000168,128.0,51.64515702962718
821,51.99000168,C,0.1,5.199000168,123.33333333333333,48.70575938498214
822,47.99000168,C,0.1,4.799000168,121.33333333333333,50.2822475569111
823,51.99000168,C,0.1,5.199000168,144.0,52.628540988133736
825,31.989999769999997,C,0.1,3.1989999769999997,95.33333333333333,54.5902735723255
828,31.98999977,C,0.1,3.198999977,131.0,63.99241928715049
835,31.98999977,C,0.1,3.198999977,133.66666666666666,64.64046031675802
845,299.9899902,C,0.1,29.998999020000003,5.666666666666667,4.346207445185407
858,199.9900055,C,0.1,19.99900055,7.333333333333333,6.055452013123141
860,599.9899902,C,0.1,59.99899902,1.0,1.2910052177007438
885,24.98999977,C,0.1,2.4989999770000004,133.33333333333334,73.04428498826869
886,24.98999977,C,0.1,2.4989999770000004,128.66666666666666,71.75462496952203
893,24.98999977,C,0.1,2.4989999770000004,135.66666666666666,73.68065045799163
897,24.98999977,C,0.1,2.4989999770000004,135.33333333333334,73.59007801999617
905,24.98999977,C,0.1,2.4989999770000004,115.0,67.83686887414832
906,24.98999977,C,0.1,2.4989999770000004,141.0,75.11495826192436
917,21.98999977,C,0.1,2.198999977,138.33333333333334,79.31417452219098
924,15.98999977,C,0.1,1.598999977,138.33333333333334,93.01204482752107
926,15.989999769999999,C,0.1,1.598999977,139.33333333333334,93.34762755863525
957,299.980011,A,0.25,74.99500275,2003.3333333333333,51.684515080474384
977,29.98999977,C,0.1,2.9989999770000004,158.66666666666666,72.73687153210066
981,99.0,C,0.1,9.9,24.333333333333332,15.677730887830858
982,149.9900055,C,0.1,14.99900055,6.333333333333333,6.49807938366017
1004,399.980011,A,0.25,99.99500275,2518.6666666666665,50.18757353196828
1014,49.97999954,B,0.15,7.4969999309999995,8387.666666666666,334.48513974216814
1059,349.9899902,C,0.1,34.99899902000001,5.0,3.7796987790913446
1073,199.9900055,A,0.25,49.997501375,2229.3333333333335,66.7749166118658
1346,31.07999992,C,0.1,3.107999992,56.333333333333336,42.573780865601556
1347,59.08000183,C,0.1,5.908000183,27.666666666666668,21.640045460450178
1348,11.28999996,C,0.1,1.128999996,41.666666666666664,60.7501576026051
1349,452.0400085,C,0.1,45.20400085,85.0,13.71263845563433
1350,357.1000061,C,0.1,35.71000061,92.66666666666667,16.108935469815524
1351,1500.0,B,0.15,225.0,69.0,5.5377492419453835
1352,252.8800049,C,0.1,25.28800049,67.66666666666667,16.357997819855864
1353,461.480011,C,0.1,46.1480011,74.0,12.663081811816642
1354,164.3800049,C,0.1,16.43800049,73.66666666666667,21.16952019806646
1355,532.5800171,C,0.1,53.25800171,70.66666666666667,11.519002418691876
1356,293.0400085,C,0.1,29.30400085,58.0,14.068588848357342
1357,210.85000609999997,C,0.1,21.085000609999998,28.666666666666668,11.66008695827083
1358,260.6499939,C,0.1,26.064999390000004,60.0,15.172137350764201
1359,84.40000153,C,0.1,8.440000153,77.66666666666667,30.335147145754885
1360,327.75,C,0.1,32.775,51.666666666666664,12.555495928341928
1361,11.53999996,C,0.1,1.153999996,80.33333333333333,83.43436985925844
1362,39.75,C,0.1,3.975,123.66666666666667,55.77733510227171
1363,215.8200073,C,0.1,21.58200073,94.66666666666667,20.943665415780696
